split,indicator,period,actual,persistence,seasonal,drift,ridge,challenger,p10,p50,p90,mase_training_scale,context_n,context_end,ridge_train_n,ridge_train_end,context_sha256,report_id
development,cpi_yoy,2024-09,0.4,0.6,0.0,0.5971428571428571,0.7644013953456406,,,,,1.3541666666666667,36,2024-08,24,2024-08,bc1b64b3cc3eee9df7f470fcee8d18587d64adde140a0730e41d71b06feba7d5,455996a5bb7290873a66592398e2e7b469a4f396e6527d0fb3edd0475f02bb1a
development,cpi_yoy,2024-10,0.3,0.4,-0.2,0.3916666666666667,0.7873383197203858,,,,,1.3159999999999998,37,2024-09,25,2024-09,3797111943f03d79683d807175ec49d5516aa5bdecb8b76a680cf4a5601b5699,455996a5bb7290873a66592398e2e7b469a4f396e6527d0fb3edd0475f02bb1a
development,cpi_yoy,2024-11,0.2,0.3,-0.5,0.2891891891891892,0.6866792781509783,,,,,1.2846153846153845,38,2024-10,26,2024-10,510cc7670d546951d6a2d1a3495fdee58bcde997e2b0a4d7689f8e8c6faed5b6,455996a5bb7290873a66592398e2e7b469a4f396e6527d0fb3edd0475f02bb1a
development,cpi_yoy,2024-12,0.1,0.2,-0.3,0.18684210526315792,0.4608154658460587,,,,,1.262962962962963,39,2024-11,27,2024-11,ef244451155b6e0ecfa3a131eb41db5f42db14787c59213d894eab9fdc4eac76,455996a5bb7290873a66592398e2e7b469a4f396e6527d0fb3edd0475f02bb1a
development,cpi_yoy,2025-01,0.5,0.1,-0.8,0.08461538461538462,0.35688202226162924,,,,,1.2321428571428572,40,2024-12,28,2024-12,961f412ead08390751918275ccdc9caed58397855de85e65406186da9c27b022,455996a5bb7290873a66592398e2e7b469a4f396e6527d0fb3edd0475f02bb1a
development,cpi_yoy,2025-02,-0.7,0.5,0.7,0.495,0.2621419008317722,,,,,1.2344827586206895,41,2025-01,29,2025-01,85611814a7e41a5476929c5dcd68609775ead12bd68d8d54308717fb0f2bb62d,455996a5bb7290873a66592398e2e7b469a4f396e6527d0fb3edd0475f02bb1a
development,cpi_yoy,2025-03,-0.1,-0.7,0.1,-0.7341463414634146,-0.026556658202469385,,,,,1.24,42,2025-02,30,2025-02,62ef28aa52ec7bdff75a8a637fb5d9058729869ab993d54dd06a77164475765e,455996a5bb7290873a66592398e2e7b469a4f396e6527d0fb3edd0475f02bb1a
development,cpi_yoy,2025-04,-0.1,-0.1,0.3,-0.11904761904761905,-0.10826291932995818,,,,,1.2064516129032257,43,2025-03,31,2025-03,7b96c61c2fe48b09e7ddc63f3f41d70a4b432db508bf466037310e47441440d0,455996a5bb7290873a66592398e2e7b469a4f396e6527d0fb3edd0475f02bb1a
development,cpi_yoy,2025-05,-0.1,-0.1,0.3,-0.1186046511627907,-0.14286052951925282,,,,,1.18125,44,2025-04,32,2025-04,2db9455f65fb919093188bd0eef7a31f09624ef6e467040a742fe2656a2cce83,455996a5bb7290873a66592398e2e7b469a4f396e6527d0fb3edd0475f02bb1a
development,cpi_yoy,2025-06,0.1,-0.1,0.2,-0.1181818181818182,0.0328005902864546,,,,,1.1575757575757577,45,2025-05,33,2025-05,1b69576159304b29613387457276f1d9f1314891e9b5f9d238baff4a6a9b75c6,455996a5bb7290873a66592398e2e7b469a4f396e6527d0fb3edd0475f02bb1a
development,cpi_yoy,2025-07,0.0,0.1,0.5,0.08666666666666667,0.11015397169391261,,,,,1.1264705882352941,46,2025-06,34,2025-06,a8e02e7460de50c4c7976cd263d9ab09e4fd4e2ce6f4aeab909571333de4e0a2,455996a5bb7290873a66592398e2e7b469a4f396e6527d0fb3edd0475f02bb1a
development,cpi_yoy,2025-08,-0.4,0.0,0.6,-0.015217391304347825,0.14719212357602293,,,,,1.1085714285714285,47,2025-07,35,2025-07,114c9f28b511d058a016c52c40e9f11b3e987c12982161b117c4e83fca69d024,455996a5bb7290873a66592398e2e7b469a4f396e6527d0fb3edd0475f02bb1a
development,ppi_yoy,2024-09,-2.8,-1.8,-2.5,-2.157142857142857,-1.654605179669978,,,,,6.420833333333333,36,2024-08,24,2024-08,3251450dcce2c2e0f300f2eb98c49158f243084b16513c860d1f06500b162cbd,455996a5bb7290873a66592398e2e7b469a4f396e6527d0fb3edd0475f02bb1a
development,ppi_yoy,2024-10,-2.9,-2.8,-2.6,-3.175,-2.221587145160328,,,,,6.176,37,2024-09,25,2024-09,b16e96967105965214cf0595244fee38d67f5183de04c8e52f9e7eddd9f348d8,455996a5bb7290873a66592398e2e7b469a4f396e6527d0fb3edd0475f02bb1a
development,ppi_yoy,2024-11,-2.5,-2.9,-3.0,-3.2675675675675673,-2.417420443083334,,,,,5.950000000000001,38,2024-10,26,2024-10,cf89df08f379c5701da24fe69bff4af6a1191a7b0223867728ff012c4a85d170,455996a5bb7290873a66592398e2e7b469a4f396e6527d0fb3edd0475f02bb1a
development,ppi_yoy,2024-12,-2.3,-2.5,-2.7,-2.8473684210526313,-2.297005622716337,,,,,5.7481481481481485,39,2024-11,27,2024-11,9c2408f7187f3178666f4bdaf6581260c00797637037012c864f8416e78fec43,455996a5bb7290873a66592398e2e7b469a4f396e6527d0fb3edd0475f02bb1a
development,ppi_yoy,2025-01,-2.3,-2.3,-2.5,-2.6333333333333333,-2.2384878460873,,,,,5.557142857142857,40,2024-12,28,2024-12,b6ea3b9ea79db1d6bac00c740996136dcc490d12ef8e65f77b70aec96ea2a55f,455996a5bb7290873a66592398e2e7b469a4f396e6527d0fb3edd0475f02bb1a
development,ppi_yoy,2025-02,-2.2,-2.3,-2.7,-2.625,-2.302102835677803,,,,,5.372413793103449,41,2025-01,29,2025-01,d3a83aed3492be33a4a3f77a95f3be5b697b5baf493635c7f791a0bb2a922bd8,455996a5bb7290873a66592398e2e7b469a4f396e6527d0fb3edd0475f02bb1a
development,ppi_yoy,2025-03,-2.5,-2.2,-2.8,-2.5146341463414634,-2.3298117939379868,,,,,5.21,42,2025-02,30,2025-02,2a166d2b3d26d35a5fb065e593fa8b665f3cda01053330af8391de3cbe9d8749,455996a5bb7290873a66592398e2e7b469a4f396e6527d0fb3edd0475f02bb1a
development,ppi_yoy,2025-04,-2.7,-2.5,-2.5,-2.814285714285714,-2.5610788933144875,,,,,5.051612903225807,43,2025-03,31,2025-03,ab02761371fe0e7e8af3f45fc50a396d6d8563d5307a372aec4a98668a209f37,455996a5bb7290873a66592398e2e7b469a4f396e6527d0fb3edd0475f02bb1a
development,ppi_yoy,2025-05,-3.3,-2.7,-1.4,-3.011627906976744,-2.7484074763994446,,,,,4.9,44,2025-04,32,2025-04,5bac19149787cb80fe9324e4d9d349e88b886a4b52de1706fb72933353aab7cf,455996a5bb7290873a66592398e2e7b469a4f396e6527d0fb3edd0475f02bb1a
development,ppi_yoy,2025-06,-3.6,-3.3,-0.8,-3.618181818181818,-3.1031758291841127,,,,,4.8090909090909095,45,2025-05,33,2025-05,df1df5d65e0bd5fc07dfe9c285e2f944c5cbf2663cb73d14df780d1cbf87d82e,455996a5bb7290873a66592398e2e7b469a4f396e6527d0fb3edd0475f02bb1a
development,ppi_yoy,2025-07,-3.6,-3.6,-0.8,-3.917777777777778,-3.265732797407562,,,,,4.75,46,2025-06,34,2025-06,07c7b910f9d584a3b96712c500638d639b7a80f47c2d849714cfb0e94b8163a1,455996a5bb7290873a66592398e2e7b469a4f396e6527d0fb3edd0475f02bb1a
development,ppi_yoy,2025-08,-2.9,-3.6,-1.8,-3.9108695652173915,-3.189618803523821,,,,,4.694285714285715,47,2025-07,35,2025-07,c0bb0925be0cc97e95d50e38ac6b2d66c61550d2d2612fa996dd54beea0a3635,455996a5bb7290873a66592398e2e7b469a4f396e6527d0fb3edd0475f02bb1a
development,cpi_mom,2024-09,0.0,0.4,0.2,0.4114285714285715,-0.0049234296365077285,,,,,0.37916666666666665,36,2024-08,24,2024-08,245cd72eafbe11a1aea9975b265cf1756cfe8f545952b482557f05505a85b53a,455996a5bb7290873a66592398e2e7b469a4f396e6527d0fb3edd0475f02bb1a
development,cpi_mom,2024-10,-0.3,0.0,-0.1,0.0,-0.007953593272004775,,,,,0.37200000000000005,37,2024-09,25,2024-09,2e883b589466a36b76c390395135112f1f5c2d5299b470e9b88b27404c3ec053,455996a5bb7290873a66592398e2e7b469a4f396e6527d0fb3edd0475f02bb1a
development,cpi_mom,2024-11,-0.6,-0.3,-0.5,-0.30810810810810807,0.06209647150872194,,,,,0.36538461538461536,38,2024-10,26,2024-10,f95a50fe1ad96ff974da7f6f2d3d7d055f6c4bb295075816065008cc0e3760da,455996a5bb7290873a66592398e2e7b469a4f396e6527d0fb3edd0475f02bb1a
development,cpi_mom,2024-12,0.0,-0.6,0.1,-0.6157894736842106,0.20392956810747134,,,,,0.35555555555555557,39,2024-11,27,2024-11,d18ebb40276276607e7b6e6269f4e31aa3f91b0a3e6a7d827fc80e996439034b,455996a5bb7290873a66592398e2e7b469a4f396e6527d0fb3edd0475f02bb1a
development,cpi_mom,2025-01,0.7,0.0,0.3,0.0,0.17815181935026206,,,,,0.3464285714285714,40,2024-12,28,2024-12,0bdc27ad9a20dd2b2b0dea79706f3bfc5833623fc476e6ad3d4aac9279cb24d9,455996a5bb7290873a66592398e2e7b469a4f396e6527d0fb3edd0475f02bb1a
development,cpi_mom,2025-02,-0.2,0.7,1.0,0.7174999999999999,0.20689267175015225,,,,,0.3482758620689655,41,2025-01,29,2025-01,26f4a6edc69f46f492e06f16cdaedef5211c55f77f006fc75619d2ae6deb18b8,455996a5bb7290873a66592398e2e7b469a4f396e6527d0fb3edd0475f02bb1a
development,cpi_mom,2025-03,-0.4,-0.2,-1.0,-0.20487804878048782,-0.3156510677398963,,,,,0.3766666666666667,42,2025-02,30,2025-02,083c13cb6ebae0d8bdc1d5fb4bd5f187b7b8546ebb384077fd872ceeda7ab76b,455996a5bb7290873a66592398e2e7b469a4f396e6527d0fb3edd0475f02bb1a
development,cpi_mom,2025-04,0.1,-0.4,0.1,-0.40952380952380957,-0.07308059112422803,,,,,0.3838709677419355,43,2025-03,31,2025-03,da4922d7ea32bb7762c5c00463894bac9566c5187cce8887d4b27b8dce64c4d8,455996a5bb7290873a66592398e2e7b469a4f396e6527d0fb3edd0475f02bb1a
development,cpi_mom,2025-05,-0.2,0.1,-0.1,0.10232558139534884,0.049921927661729294,,,,,0.371875,44,2025-04,32,2025-04,37b5226fca465a62addaf0b43e2857499656a7e465715cac87c7365de9c85000,455996a5bb7290873a66592398e2e7b469a4f396e6527d0fb3edd0475f02bb1a
development,cpi_mom,2025-06,-0.1,-0.2,-0.2,-0.20454545454545456,0.025449005898172845,,,,,0.36363636363636365,45,2025-05,33,2025-05,9be6dc7cb682a29f9978634a0bb0f3b591d320c7a30cd3288f8f4c7db12cfe4d,455996a5bb7290873a66592398e2e7b469a4f396e6527d0fb3edd0475f02bb1a
development,cpi_mom,2025-07,0.4,-0.1,0.5,-0.10222222222222223,0.12202101498764546,,,,,0.3558823529411765,46,2025-06,34,2025-06,147608d745258c9125ab6473e1da3f37c3d1195be2a0a49b0dee73866b760eff,455996a5bb7290873a66592398e2e7b469a4f396e6527d0fb3edd0475f02bb1a
development,cpi_mom,2025-08,0.0,0.4,0.4,0.40869565217391307,0.08911515797211988,,,,,0.34857142857142853,47,2025-07,35,2025-07,ad64fde69da5167e552d6ce2852dc95b02768606f0e827248b2eca265efae624,455996a5bb7290873a66592398e2e7b469a4f396e6527d0fb3edd0475f02bb1a
development,ppi_mom,2024-09,-0.6,-0.7,0.4,-0.7542857142857142,-0.3012947562053715,,,,,0.6791666666666667,36,2024-08,24,2024-08,fcb0e5409e6744a484fd15d7ba0c8b7510b9371c0e1bd2b9fdd78ff4b9f4cc19,455996a5bb7290873a66592398e2e7b469a4f396e6527d0fb3edd0475f02bb1a
development,ppi_mom,2024-10,-0.1,-0.6,0.0,-0.65,-0.18099077013223897,,,,,0.6920000000000001,37,2024-09,25,2024-09,a33266742bb6ef76591e31a7e336a188c610a15a16d06d36a41da512c2497ca8,455996a5bb7290873a66592398e2e7b469a4f396e6527d0fb3edd0475f02bb1a
development,ppi_mom,2024-11,0.1,-0.1,-0.3,-0.13513513513513514,0.07163515995947081,,,,,0.6692307692307692,38,2024-10,26,2024-10,cb3939e226373435afa2d2587fec861a0f70a21fa59a0b0f22f194a140ce6525,455996a5bb7290873a66592398e2e7b469a4f396e6527d0fb3edd0475f02bb1a
development,ppi_mom,2024-12,-0.1,0.1,-0.3,0.07105263157894738,-0.002767943407888912,,,,,0.6592592592592593,39,2024-11,27,2024-11,7d950aa461ee9a23291b37b8d2c17af104bf42b8037cc6c6dbf4a5800ffd3fc3,455996a5bb7290873a66592398e2e7b469a4f396e6527d0fb3edd0475f02bb1a
development,ppi_mom,2025-01,-0.2,-0.1,-0.2,-0.13333333333333333,-0.23674972797571853,,,,,0.6428571428571429,40,2024-12,28,2024-12,1f434aeca7b9335a6715528ee3d5a0b64a3f78a93f00bef5c068a811671a8962,455996a5bb7290873a66592398e2e7b469a4f396e6527d0fb3edd0475f02bb1a
development,ppi_mom,2025-02,-0.1,-0.2,-0.2,-0.23500000000000001,-0.2887610324483222,,,,,0.6206896551724138,41,2025-01,29,2025-01,821846a326f71edd568578bd8c9fddfacce9701ec8072ac8d0df06a68a75d9e7,455996a5bb7290873a66592398e2e7b469a4f396e6527d0fb3edd0475f02bb1a
development,ppi_mom,2025-03,-0.4,-0.1,-0.1,-0.13170731707317074,-0.21972664153194013,,,,,0.6033333333333334,42,2025-02,30,2025-02,54c26eebd9160a7c82fcf87d3c23f76c59dac939a9122cb09089bb6f13d5ca77,455996a5bb7290873a66592398e2e7b469a4f396e6527d0fb3edd0475f02bb1a
development,ppi_mom,2025-04,-0.4,-0.4,-0.2,-0.4380952380952381,-0.34012918911414214,,,,,0.5935483870967742,43,2025-03,31,2025-03,73af6ca1a53091c18f46b9186fed8949dc4c3f66b07ee0800ab2bcf91431fb64,455996a5bb7290873a66592398e2e7b469a4f396e6527d0fb3edd0475f02bb1a
development,ppi_mom,2025-05,-0.4,-0.4,0.2,-0.4372093023255814,-0.3331516575151959,,,,,0.58125,44,2025-04,32,2025-04,984e0281060e1d5aa2ac3e0ef2661e8be81d1dd1c871c20dddcaacfbb3b76599,455996a5bb7290873a66592398e2e7b469a4f396e6527d0fb3edd0475f02bb1a
development,ppi_mom,2025-06,-0.4,-0.4,-0.2,-0.4363636363636364,-0.26237690389923585,,,,,0.5818181818181818,45,2025-05,33,2025-05,fc40025f89070a8bc3c555b0b889cede4d52161fbf26c94fa7d9918cd030ee31,455996a5bb7290873a66592398e2e7b469a4f396e6527d0fb3edd0475f02bb1a
development,ppi_mom,2025-07,-0.2,-0.4,-0.2,-0.4355555555555556,-0.2549169531965439,,,,,0.5705882352941177,46,2025-06,34,2025-06,962a5de6c33a8834690632612ce9b977cad18b41d94d11784ccd4072c07e2150,455996a5bb7290873a66592398e2e7b469a4f396e6527d0fb3edd0475f02bb1a
development,ppi_mom,2025-08,0.0,-0.2,-0.7,-0.23043478260869565,-0.1450506362180411,,,,,0.5542857142857144,47,2025-07,35,2025-07,2f7cb6976482685f460027aa8f760dd2206085e24d6b290defcef43da5b7ebbf,455996a5bb7290873a66592398e2e7b469a4f396e6527d0fb3edd0475f02bb1a
development,manufacturing_pmi,2024-09,49.8,49.1,50.2,49.08571428571429,49.224845204177306,,,,,1.1458333333333337,36,2024-08,24,2024-08,5f6674abcf03825c25f6b95d06ecfa490a3cc73c6dfeabf7b392933da72558ae,455996a5bb7290873a66592398e2e7b469a4f396e6527d0fb3edd0475f02bb1a
development,manufacturing_pmi,2024-10,50.1,49.8,49.5,49.80555555555555,49.51109972752486,,,,,1.1160000000000005,37,2024-09,25,2024-09,060c68ce32e4e88e8d1e93d0164b7a8dc1e0f0816c5d90d8d6663443bf79392a,455996a5bb7290873a66592398e2e7b469a4f396e6527d0fb3edd0475f02bb1a
development,manufacturing_pmi,2024-11,50.3,50.1,49.4,50.11351351351352,49.51185496304225,,,,,1.0961538461538467,38,2024-10,26,2024-10,546228e290519aaa9648a6dac08a75d7ca5206f76275146b0a7b9e6fec411788,455996a5bb7290873a66592398e2e7b469a4f396e6527d0fb3edd0475f02bb1a
development,manufacturing_pmi,2024-12,50.1,50.3,49.0,50.31842105263158,49.44824782485338,,,,,1.0888888888888895,39,2024-11,27,2024-11,6a877949851d4bf268922f531819cb9e081dbe12b70ba41bfa8cd02d5ec98b7e,455996a5bb7290873a66592398e2e7b469a4f396e6527d0fb3edd0475f02bb1a
development,manufacturing_pmi,2025-01,49.1,50.1,49.2,50.11282051282051,49.452382194794986,,,,,1.0892857142857149,40,2024-12,28,2024-12,8d5391d90a1e42b3fbb320506b39672b5cec81b1f89cdc2e32d9f1a415c78c26,455996a5bb7290873a66592398e2e7b469a4f396e6527d0fb3edd0475f02bb1a
development,manufacturing_pmi,2025-02,50.2,49.1,49.1,49.0875,49.241183208470545,,,,,1.055172413793104,41,2025-01,29,2025-01,5dd810445577faba53cf2f93f2146862980b68cda9eca11714dba5c908a5f8de,455996a5bb7290873a66592398e2e7b469a4f396e6527d0fb3edd0475f02bb1a
development,manufacturing_pmi,2025-03,50.5,50.2,50.8,50.21463414634147,50.17121060719251,,,,,1.0566666666666673,42,2025-02,30,2025-02,a0c0ed1f550a5e4ee16cab04f96344ea4a25a41fc4412ec9ad1b30190084198d,455996a5bb7290873a66592398e2e7b469a4f396e6527d0fb3edd0475f02bb1a
development,manufacturing_pmi,2025-04,49.0,50.5,50.4,50.52142857142857,50.22140144883717,,,,,1.0322580645161294,43,2025-03,31,2025-03,8a0284184b9f0f1efcb7e421d4d05e6b569c8425387becf72d8cd4df75bf45e4,455996a5bb7290873a66592398e2e7b469a4f396e6527d0fb3edd0475f02bb1a
development,manufacturing_pmi,2025-05,49.5,49.0,49.5,48.986046511627904,49.229123845609365,,,,,1.0437500000000004,44,2025-04,32,2025-04,eba80d83df8520c1f04b2e547d592754042d880f7672660f1fee60da9018ed24,455996a5bb7290873a66592398e2e7b469a4f396e6527d0fb3edd0475f02bb1a
development,manufacturing_pmi,2025-06,49.7,49.5,49.5,49.497727272727275,49.77350695477976,,,,,1.0121212121212124,45,2025-05,33,2025-05,b319decbbcb5a69269e88d07781ae1ed3288b945f2ca7e4a15866931e9b3656e,455996a5bb7290873a66592398e2e7b469a4f396e6527d0fb3edd0475f02bb1a
development,manufacturing_pmi,2025-07,49.3,49.7,49.4,49.702222222222225,49.84983207850761,,,,,0.9882352941176475,46,2025-06,34,2025-06,1d9db967f3e8936ed22ab2b8c31613066892a1b023db7949ddaaa655ae4a78d1,455996a5bb7290873a66592398e2e7b469a4f396e6527d0fb3edd0475f02bb1a
development,manufacturing_pmi,2025-08,49.4,49.3,49.1,49.29347826086956,49.366380682589764,,,,,0.9628571428571433,47,2025-07,35,2025-07,7f2f4c32e9e38350982d9fe81de95de7d9a4c117c8d0991dc6becc09fc50b1bd,455996a5bb7290873a66592398e2e7b469a4f396e6527d0fb3edd0475f02bb1a
development,manufacturing_new_orders_pmi,2024-09,49.9,48.9,50.5,48.888571428571424,48.99375449998905,,,,,2.2250000000000005,36,2024-08,24,2024-08,aa6c87b008bba95c223accf38679ea68b2621e0e29d9621b15c28d83ef30f347,455996a5bb7290873a66592398e2e7b469a4f396e6527d0fb3edd0475f02bb1a
development,manufacturing_new_orders_pmi,2024-10,50.0,49.9,49.5,49.916666666666664,49.19812704635136,,,,,2.1600000000000006,37,2024-09,25,2024-09,3226a53b52044942bd5a8012f51c6b79ecf15a45deeb7c20d4703eb1a6b3fb04,455996a5bb7290873a66592398e2e7b469a4f396e6527d0fb3edd0475f02bb1a
development,manufacturing_new_orders_pmi,2024-11,50.8,50.0,49.4,50.01891891891892,49.17497453264498,,,,,2.0961538461538467,38,2024-10,26,2024-10,23e0626289e8fa277e79a26bd8c378fb1159b346fb543a09a3e67cd7dd402184,455996a5bb7290873a66592398e2e7b469a4f396e6527d0fb3edd0475f02bb1a
development,manufacturing_new_orders_pmi,2024-12,51.0,50.8,48.7,50.839473684210525,49.34467439291823,,,,,2.070370370370371,39,2024-11,27,2024-11,7a37d9a157feba5bd5ce58f50731553b54ff5ab05e10f28605be02d81ce65ec5,455996a5bb7290873a66592398e2e7b469a4f396e6527d0fb3edd0475f02bb1a
development,manufacturing_new_orders_pmi,2025-01,49.2,51.0,49.0,51.04358974358974,49.70213469355704,,,,,2.0785714285714287,40,2024-12,28,2024-12,e50d28319b0a32b42ba85418988aaae3382e0c20d13a1e92b0c7f505ea64d3f5,455996a5bb7290873a66592398e2e7b469a4f396e6527d0fb3edd0475f02bb1a
development,manufacturing_new_orders_pmi,2025-02,51.1,49.2,49.0,49.197500000000005,49.14284806648891,,,,,2.0137931034482763,41,2025-01,29,2025-01,37060b4195d9f9d00c1b29a1c0bf9d1ed1c6d5d997f916ac23cf99568e83aa67,455996a5bb7290873a66592398e2e7b469a4f396e6527d0fb3edd0475f02bb1a
development,manufacturing_new_orders_pmi,2025-03,51.8,51.1,53.0,51.143902439024394,50.79001782487234,,,,,2.016666666666667,42,2025-02,30,2025-02,7061fd6c03d691f11b190693778dc48dee85c7712fd8ba492368f9ab4e6cf240,455996a5bb7290873a66592398e2e7b469a4f396e6527d0fb3edd0475f02bb1a
development,manufacturing_new_orders_pmi,2025-04,49.2,51.8,51.1,51.85952380952381,51.131327144825995,,,,,1.9903225806451619,43,2025-03,31,2025-03,52ce13ce645e73bc2f8ad52fd04487c7f4b9e64ee5eb98cfbaaa3af7c016dc53,455996a5bb7290873a66592398e2e7b469a4f396e6527d0fb3edd0475f02bb1a
development,manufacturing_new_orders_pmi,2025-05,49.8,49.2,49.6,49.197674418604656,49.32091087086753,,,,,1.9875000000000005,44,2025-04,32,2025-04,c073b5e665edac72d20f7a524a6d4f1c6cffb47aeb561d49bd1d1aa5c96c212a,455996a5bb7290873a66592398e2e7b469a4f396e6527d0fb3edd0475f02bb1a
development,manufacturing_new_orders_pmi,2025-06,50.2,49.8,49.5,49.81136363636363,49.70101161279447,,,,,1.9333333333333336,45,2025-05,33,2025-05,08001b097270dd20945d10aa778bcd9bf3d4a2c4c09fbef0268b7f665293c734,455996a5bb7290873a66592398e2e7b469a4f396e6527d0fb3edd0475f02bb1a
development,manufacturing_new_orders_pmi,2025-07,49.4,50.2,49.3,50.220000000000006,50.029217157919476,,,,,1.8970588235294121,46,2025-06,34,2025-06,c2e0fbcacaaa7d03bc6161c3c31a645b49bdbd891402c38f323d70bdbfa1e454,455996a5bb7290873a66592398e2e7b469a4f396e6527d0fb3edd0475f02bb1a
development,manufacturing_new_orders_pmi,2025-08,49.5,49.4,48.9,49.40217391304348,49.18232591605055,,,,,1.8457142857142863,47,2025-07,35,2025-07,a1789b060801180b25f13973c0cef213e916dd9e62def7b2169f801d2ab825f4,455996a5bb7290873a66592398e2e7b469a4f396e6527d0fb3edd0475f02bb1a
development,nonmanufacturing_pmi,2024-09,50.0,50.3,51.7,50.21714285714285,50.1092098259476,,,,,4.574999999999999,36,2024-08,24,2024-08,196e5fb2f553ff97988d33aaac27c49ffe33d39218aab7f01370b21e398573a5,455996a5bb7290873a66592398e2e7b469a4f396e6527d0fb3edd0475f02bb1a
development,nonmanufacturing_pmi,2024-10,50.2,50.0,50.6,49.91111111111111,49.93249890904361,,,,,4.459999999999999,37,2024-09,25,2024-09,784289e2359cd105cbd45dbf080ecb68c42178ad03c424cee5e3ce4e0879cb72,455996a5bb7290873a66592398e2e7b469a4f396e6527d0fb3edd0475f02bb1a
development,nonmanufacturing_pmi,2024-11,50.0,50.2,50.2,50.11891891891892,50.165599626017645,,,,,4.303846153846153,38,2024-10,26,2024-10,a052f49af1220500e44f5e3dde3f628b1e3c11b547dddaf90dbcc8fc8689eedc,455996a5bb7290873a66592398e2e7b469a4f396e6527d0fb3edd0475f02bb1a
development,nonmanufacturing_pmi,2024-12,52.2,50.0,50.4,49.915789473684214,50.591756534289594,,,,,4.151851851851852,39,2024-11,27,2024-11,5e628675a28e06ee3050a032e0b8a1e54f9e466f891cc7707621e57332b234c5,455996a5bb7290873a66592398e2e7b469a4f396e6527d0fb3edd0475f02bb1a
development,nonmanufacturing_pmi,2025-01,50.2,52.2,50.7,52.174358974358974,51.956972098692816,,,,,4.067857142857142,40,2024-12,28,2024-12,4ccd0881b4e5b3f3461fa2a4bcf94548a4a5391f5f15b12df36d133a670ee1a8,455996a5bb7290873a66592398e2e7b469a4f396e6527d0fb3edd0475f02bb1a
development,nonmanufacturing_pmi,2025-02,50.4,50.2,51.4,50.125,51.96668345158347,,,,,3.9448275862068964,41,2025-01,29,2025-01,00b53151f595b002d642f6442772c0b7343fb204848d629d4109d48032f33332,455996a5bb7290873a66592398e2e7b469a4f396e6527d0fb3edd0475f02bb1a
development,nonmanufacturing_pmi,2025-03,50.8,50.4,53.0,50.33170731707317,51.876790283121004,,,,,3.8466666666666662,42,2025-02,30,2025-02,03ea14b71c646bedb78cc3d4cac32fab13fb4aa08bfe2c992074b900ef3ae799,455996a5bb7290873a66592398e2e7b469a4f396e6527d0fb3edd0475f02bb1a
development,nonmanufacturing_pmi,2025-04,50.4,50.8,51.2,50.74285714285714,52.82844883192777,,,,,3.793548387096774,43,2025-03,31,2025-03,dccc8ee04f49366cacce51bcfaa092a9e7899f73484ce4a93e9d7fcada7e032f,455996a5bb7290873a66592398e2e7b469a4f396e6527d0fb3edd0475f02bb1a
development,nonmanufacturing_pmi,2025-05,50.3,50.4,51.1,50.33488372093023,52.377726381019045,,,,,3.7,44,2025-04,32,2025-04,ee5043b0bd79c7c0082df6e7108875d6c0f7e3ed3e5a92dd351585cb1160321f,455996a5bb7290873a66592398e2e7b469a4f396e6527d0fb3edd0475f02bb1a
development,nonmanufacturing_pmi,2025-06,50.5,50.3,50.5,50.23409090909091,51.75003116637193,,,,,3.6121212121212123,45,2025-05,33,2025-05,1b2fa1e8a296b897ddd3420a18d506ab52f51166e878486193dbbb814b0f9e8d,455996a5bb7290873a66592398e2e7b469a4f396e6527d0fb3edd0475f02bb1a
development,nonmanufacturing_pmi,2025-07,50.1,50.5,50.2,50.44,51.26674967013995,,,,,3.5058823529411764,46,2025-06,34,2025-06,8e1dfadc2dc2c4679c4f834210f0add44083780091858d5206282602a5bd2464,455996a5bb7290873a66592398e2e7b469a4f396e6527d0fb3edd0475f02bb1a
development,nonmanufacturing_pmi,2025-08,50.3,50.1,50.3,50.03260869565217,50.50131417664458,,,,,3.408571428571429,47,2025-07,35,2025-07,370842cca747741b5df7be1d4a93738f5248c54698793b90082aad3c3f964255,455996a5bb7290873a66592398e2e7b469a4f396e6527d0fb3edd0475f02bb1a
audit,cpi_yoy,2025-09,-0.3,-0.4,0.4,-0.42340425531914894,0.03662112867625217,-0.2426546812057495,-0.6038625240325928,-0.2426546812057495,0.15714234113693237,1.1055555555555554,48,2025-08,36,2025-08,33338fc490dd5cbba6142b73555318e936007fd3fb05c904ab81fd8a08e2bf2a,455996a5bb7290873a66592398e2e7b469a4f396e6527d0fb3edd0475f02bb1a
audit,cpi_yoy,2025-10,0.2,-0.3,0.3,-0.3208333333333333,-0.0808372889767785,-0.3000052571296692,-0.6177194714546204,-0.3000052571296692,0.04012036323547363,1.0945945945945945,49,2025-09,37,2025-09,78c0b3e29f0b175abd1c5b75aff53c0429f1eda8e84fb2fed4e2ce4d1538fade,455996a5bb7290873a66592398e2e7b469a4f396e6527d0fb3edd0475f02bb1a
audit,cpi_yoy,2025-11,0.7,0.2,0.2,0.18979591836734694,0.032401868917777354,-0.032137274742126465,-0.4289318323135376,-0.032137274742126465,0.44409307837486267,1.068421052631579,50,2025-10,38,2025-10,daccce8e27c9a7fda3fb09150303ea8bb7504ad0562d841f55b5ca3ffe1c320a,455996a5bb7290873a66592398e2e7b469a4f396e6527d0fb3edd0475f02bb1a
audit,cpi_yoy,2025-12,0.8,0.7,0.1,0.7,0.36510509239305416,0.5461098551750183,0.10548549890518188,0.5461098551750183,1.0787522792816162,1.0538461538461539,51,2025-11,39,2025-11,04c81a6294d18a6e862bafd852adc5509dd03901b0e6ba95b967e0b22804ba8a,455996a5bb7290873a66592398e2e7b469a4f396e6527d0fb3edd0475f02bb1a
audit,cpi_yoy,2026-01,0.2,0.8,0.5,0.8019607843137255,0.5476717862275432,0.7007929682731628,0.22145482897758484,0.7007929682731628,1.2587158679962158,1.045,52,2025-12,40,2025-12,39620bdc44ea053de682e134af0d4649554ab855729a815dbb41551b85e6b57d,455996a5bb7290873a66592398e2e7b469a4f396e6527d0fb3edd0475f02bb1a
audit,cpi_yoy,2026-02,1.3,0.2,-0.7,0.1903846153846154,0.5219643129260959,0.4812467694282532,0.054383695125579834,0.4812467694282532,1.0032860040664673,1.026829268292683,53,2026-01,41,2026-01,18a348ee26572e9c55eb7db0429004d38eb1acad5d43ddc7e8a5de519c40be69,455996a5bb7290873a66592398e2e7b469a4f396e6527d0fb3edd0475f02bb1a
audit,cpi_yoy,2026-03,1.0,1.3,-0.1,1.3113207547169812,0.6866868353978297,1.0379078388214111,0.4712424874305725,1.0379078388214111,1.6979320049285889,1.05,54,2026-02,42,2026-02,89b7c627527ca50ed87a3f06a9e395b32e9fc25273995aadacbbfdf4172890ad,455996a5bb7290873a66592398e2e7b469a4f396e6527d0fb3edd0475f02bb1a
audit,cpi_yoy,2026-04,1.2,1.0,-0.1,1.0055555555555555,0.7626364357311479,1.1588284969329834,0.5908514261245728,1.1588284969329834,1.763669490814209,1.0511627906976744,55,2026-03,43,2026-03,819d940d385202a17ffe13b9627871820055a0b99c8b930f828fbd1a9227a1dd,455996a5bb7290873a66592398e2e7b469a4f396e6527d0fb3edd0475f02bb1a
audit,cpi_yoy,2026-05,1.2,1.2,-0.1,1.209090909090909,0.9792991861890159,1.2058238983154297,0.6484944224357605,1.2058238983154297,1.7704315185546875,1.0568181818181819,56,2026-04,44,2026-04,c96fa21dbb689d9eb585a33ee2e1813011ddce0227171fe480fad7f97f6c1e74,455996a5bb7290873a66592398e2e7b469a4f396e6527d0fb3edd0475f02bb1a
audit,cpi_yoy,2026-06,1.0,1.2,0.1,1.2089285714285714,0.9866830585827504,1.287180781364441,0.8073621988296509,1.287180781364441,1.7683826684951782,1.0622222222222222,57,2026-05,45,2026-05,c24a6ee2be1417f3392b0ba97cd993b60b4beb1bf2217f8c54a4258114e3fe78,455996a5bb7290873a66592398e2e7b469a4f396e6527d0fb3edd0475f02bb1a
audit,cpi_yoy,2026-07,0.5,1.0,0.0,1.0052631578947369,0.9942331152777879,1.1090219020843506,0.6499011516571045,1.1090219020843506,1.6111394166946411,1.058695652173913,58,2026-06,46,2026-06,e3c918e0d135ff267db4935c8c4bb3f222c8480898c445c43a68cf7747fed168,455996a5bb7290873a66592398e2e7b469a4f396e6527d0fb3edd0475f02bb1a
audit,cpi_yoy,2026-08,0.8,0.5,-0.4,0.496551724137931,0.8250208419646539,0.6841138005256653,0.1941242218017578,0.6841138005256653,1.2348934412002563,1.0468085106382978,59,2026-07,47,2026-07,b2efd6459f249fcdcdb59df0befe76609981158dee5f3fbbd0ee19ccf7d8e09a,455996a5bb7290873a66592398e2e7b469a4f396e6527d0fb3edd0475f02bb1a
audit,ppi_yoy,2025-09,-2.3,-2.9,-2.8,-3.1893617021276595,-2.674454755485507,-2.4312047958374023,-2.7748851776123047,-2.4312047958374023,-1.9845590591430664,4.594444444444445,48,2025-08,36,2025-08,b3c2bc9fda620cdba3e7ed6b3b1a436d946d9df1a115c791ebeeac731cfbc6cf,455996a5bb7290873a66592398e2e7b469a4f396e6527d0fb3edd0475f02bb1a
audit,ppi_yoy,2025-10,-2.1,-2.3,-2.9,-2.5708333333333333,-2.2001125799819174,-2.056978702545166,-2.4312076568603516,-2.056978702545166,-1.589095115661621,4.4837837837837835,49,2025-09,37,2025-09,bce0d17eb0573f6c2b09a507b0cd5312caa03ef4e7a4d686768db01729a350ff,455996a5bb7290873a66592398e2e7b469a4f396e6527d0fb3edd0475f02bb1a
audit,ppi_yoy,2025-11,-2.2,-2.1,-2.5,-2.3612244897959185,-2.016016060645937,-2.0950191020965576,-2.4775407314300537,-2.0950191020965576,-1.6176447868347168,4.386842105263159,50,2025-10,38,2025-10,df186535adb796e42c1ce2fa2e4373683367586882a4bfea7757fd760a2ae6be,455996a5bb7290873a66592398e2e7b469a4f396e6527d0fb3edd0475f02bb1a
audit,ppi_yoy,2025-12,-1.9,-2.2,-2.3,-2.458,-2.090199888884008,-2.2995285987854004,-2.6775612831115723,-2.2995285987854004,-1.8193552494049072,4.282051282051282,51,2025-11,39,2025-11,a4c0b2386f13b9b83be5ac11aec2586c6d6b2971a56977358e3881bdf8cba9f3,455996a5bb7290873a66592398e2e7b469a4f396e6527d0fb3edd0475f02bb1a
audit,ppi_yoy,2026-01,-1.4,-1.9,-2.3,-2.1470588235294117,-2.0017606865282738,-1.8658413887023926,-2.3019015789031982,-1.8658413887023926,-1.2758609056472778,4.1850000000000005,52,2025-12,40,2025-12,ca88c9c87b9f216c0d9ef28333618e22d538f8edf8906137dff305bae71e39f5,455996a5bb7290873a66592398e2e7b469a4f396e6527d0fb3edd0475f02bb1a
audit,ppi_yoy,2026-02,-0.9,-1.4,-2.2,-1.6326923076923077,-1.8022569930629018,-1.046523094177246,-1.6088476181030273,-1.046523094177246,-0.2973168194293976,4.104878048780488,53,2026-01,41,2026-01,f34de89d61ade2c912db65ad96e7b1d885d8bd0ce00c43f27bee9264d1972bc0,455996a5bb7290873a66592398e2e7b469a4f396e6527d0fb3edd0475f02bb1a
audit,ppi_yoy,2026-03,0.5,-0.9,-2.5,-1.118867924528302,-1.5577669402440115,-0.39428961277008057,-1.0989736318588257,-0.39428961277008057,0.23718954622745514,4.038095238095238,54,2026-02,42,2026-02,d7fcb9b3304a2a0e47176c8e793ae5f3e19c8f3fa1f8027e2e62dfc25b8da6d5,455996a5bb7290873a66592398e2e7b469a4f396e6527d0fb3edd0475f02bb1a
audit,ppi_yoy,2026-04,2.8,0.5,-2.7,0.3111111111111111,-0.6253832142290443,1.7357960939407349,0.7491164803504944,1.7357960939407349,2.38785719871521,4.013953488372093,55,2026-03,43,2026-03,706989dbf7c312efe0456e3337b204c7eadd5612fc4e92d8be1111b1fdc132c7,455996a5bb7290873a66592398e2e7b469a4f396e6527d0fb3edd0475f02bb1a
audit,ppi_yoy,2026-05,3.9,2.8,-3.3,2.6563636363636363,1.5236575537807937,4.248426914215088,3.380790948867798,4.248426914215088,5.0989227294921875,4.047727272727273,56,2026-04,44,2026-04,f92253c4f73419d4af5ccfbff1bbcc506f7b62248722f5732d561c8ac057b42f,455996a5bb7290873a66592398e2e7b469a4f396e6527d0fb3edd0475f02bb1a
audit,ppi_yoy,2026-06,4.1,3.9,-3.6,3.7785714285714285,2.934220232097406,4.351633071899414,3.4399213790893555,4.351633071899414,5.149196147918701,4.117777777777778,57,2026-05,45,2026-05,fc7041fceb7bf802ca93507b7d8d2d7c5f33eead0c0de5af2f8727656f597bb2,455996a5bb7290873a66592398e2e7b469a4f396e6527d0fb3edd0475f02bb1a
audit,ppi_yoy,2026-07,3.5,4.1,-3.6,3.984210526315789,3.272268401853524,4.233140468597412,3.2244253158569336,4.233140468597412,4.942115306854248,4.195652173913044,58,2026-06,46,2026-06,9bb0d380d6a4d881e462a266903c073f1920ec3230bdba8f37be60ee643d5044,455996a5bb7290873a66592398e2e7b469a4f396e6527d0fb3edd0475f02bb1a
audit,ppi_yoy,2026-08,3.8,3.5,-2.9,3.3758620689655174,2.7619743061221183,3.383265972137451,2.3340744972229004,3.383265972137451,4.249602317810059,4.257446808510638,59,2026-07,47,2026-07,a8726bd146a17c23ccb31a8d464d53bb53114232a0aef6a5ff4fba91efd10a69,455996a5bb7290873a66592398e2e7b469a4f396e6527d0fb3edd0475f02bb1a
audit,cpi_mom,2025-09,0.1,0.0,0.0,0.0,-0.007220745273709231,-0.08963461220264435,-0.5143316984176636,-0.08963461220264435,0.35836243629455566,0.35,48,2025-08,36,2025-08,eb4b2594222b943d44f0f3c577d9a2e677dd1d43c2c8e4bdc5c50918419856b4,455996a5bb7290873a66592398e2e7b469a4f396e6527d0fb3edd0475f02bb1a
audit,cpi_mom,2025-10,0.2,0.1,-0.3,0.10208333333333335,-0.068848477339709,0.010148812085390091,-0.40023815631866455,0.010148812085390091,0.44285616278648376,0.34324324324324323,49,2025-09,37,2025-09,6c59ad22e4ad46d058282745ffd812d73dd0a958d09ef07217408cf8f569098b,455996a5bb7290873a66592398e2e7b469a4f396e6527d0fb3edd0475f02bb1a
audit,cpi_mom,2025-11,-0.1,0.2,-0.6,0.20408163265306123,-0.08672978081284044,-0.17886126041412354,-0.5954732298851013,-0.17886126041412354,0.2130686193704605,0.34736842105263155,50,2025-10,38,2025-10,df060326503aebb42ebca61fdc8cc84c92dccc09794e61865db01c302a0418cc,455996a5bb7290873a66592398e2e7b469a4f396e6527d0fb3edd0475f02bb1a
audit,cpi_mom,2025-12,0.2,-0.1,0.0,-0.10200000000000001,1.922253381012734e-05,-0.01891355589032173,-0.4045118987560272,-0.01891355589032173,0.3617655336856842,0.35128205128205126,51,2025-11,39,2025-11,d2e789646d25ea1c93d928f40f95c5c0eb7683399ca03f12c9e7190a2276c995,455996a5bb7290873a66592398e2e7b469a4f396e6527d0fb3edd0475f02bb1a
audit,cpi_mom,2026-01,0.2,0.2,0.7,0.20392156862745098,0.06435053409405073,0.23719501495361328,-0.10699020326137543,0.23719501495361328,0.6294721364974976,0.34750000000000003,52,2025-12,40,2025-12,3ae3f8df187c9da29123cdacf3ce344ff0fbabb1a5b015478bdec703b2f044d5,455996a5bb7290873a66592398e2e7b469a4f396e6527d0fb3edd0475f02bb1a
audit,cpi_mom,2026-02,1.0,0.2,-0.2,0.20384615384615384,-0.13859589490983487,0.41940486431121826,-0.010411374270915985,0.41940486431121826,0.8427696228027344,0.351219512195122,53,2026-01,41,2026-01,8e85788fd08126b6a41740d921368f486e44fbbacd042657c37b13fcec730999,455996a5bb7290873a66592398e2e7b469a4f396e6527d0fb3edd0475f02bb1a
audit,cpi_mom,2026-03,-0.7,1.0,-0.4,1.0188679245283019,-0.3071880028056945,-0.3079967200756073,-0.6455838680267334,-0.3079967200756073,0.0007833763957023621,0.37142857142857144,54,2026-02,42,2026-02,5e1287abd44a450c9e650a6a73d2cdb8e691cc5d0ce2f961eada409be90f71e6,455996a5bb7290873a66592398e2e7b469a4f396e6527d0fb3edd0475f02bb1a
audit,cpi_mom,2026-04,0.3,-0.7,0.1,-0.7129629629629629,-0.11925873125934544,0.15632593631744385,-0.04318846017122269,0.15632593631744385,0.3631662130355835,0.3697674418604651,55,2026-03,43,2026-03,eafb5f91c465dbf000c11241ace45a4d10ccd1788db2635343a4eed64e9bbd7b,455996a5bb7290873a66592398e2e7b469a4f396e6527d0fb3edd0475f02bb1a
audit,cpi_mom,2026-05,-0.1,0.3,-0.2,0.3054545454545454,-0.2048437544895637,-0.12283100932836533,-0.313671350479126,-0.12283100932836533,0.06613356620073318,0.36590909090909096,56,2026-04,44,2026-04,45489bbcaf41c26d0b89f0fee9c0213f9e4533bbd5fb83b6e151d2a91532cf7b,455996a5bb7290873a66592398e2e7b469a4f396e6527d0fb3edd0475f02bb1a
audit,cpi_mom,2026-06,-0.3,-0.1,-0.1,-0.10178571428571428,0.06410605489760406,-0.0489388182759285,-0.26859304308891296,-0.0489388182759285,0.1518648862838745,0.36,57,2026-05,45,2026-05,4bdec16290fbf5e0e3fe910e5f66628169c04b59a7bd74625ea7f92a2afff993,455996a5bb7290873a66592398e2e7b469a4f396e6527d0fb3edd0475f02bb1a
audit,cpi_mom,2026-07,-0.1,-0.3,0.4,-0.30526315789473685,0.11893510889353663,0.5088300108909607,0.2435699701309204,0.5088300108909607,0.7684013247489929,0.3565217391304348,58,2026-06,46,2026-06,163e3cb1a9758bd19676bf18a2758fb177090ec1773fe438a9b5caf366e03b11,455996a5bb7290873a66592398e2e7b469a4f396e6527d0fb3edd0475f02bb1a
audit,cpi_mom,2026-08,0.4,-0.1,0.0,-0.10172413793103449,0.11157686247771402,0.38111749291419983,0.02336546778678894,0.38111749291419983,0.7315042018890381,0.35957446808510635,59,2026-07,47,2026-07,172258a87b81727ad3f5e0577308b55f67b377ec772a1fbe1abe6ebb92aa7ff1,455996a5bb7290873a66592398e2e7b469a4f396e6527d0fb3edd0475f02bb1a
audit,ppi_mom,2025-09,0.0,0.0,-0.6,-0.02553191489361702,-0.08754961990510102,-0.08143305033445358,-0.2939479947090149,-0.08143305033445358,0.14098787307739258,0.5583333333333333,48,2025-08,36,2025-08,5d05f649ffa4d72edeec10ad811c06248216c28b9cbdb7f42339bfc45c7a2175,455996a5bb7290873a66592398e2e7b469a4f396e6527d0fb3edd0475f02bb1a
audit,ppi_mom,2025-10,0.1,0.0,-0.1,-0.024999999999999998,-0.1567965903239818,-0.17297211289405823,-0.3323971927165985,-0.17297211289405823,0.0020545348525047302,0.5594594594594594,49,2025-09,37,2025-09,d8c3a4fd24b703e7e90f97b8b992c3dcc97f900c55a241f5e524eb45f94e807b,455996a5bb7290873a66592398e2e7b469a4f396e6527d0fb3edd0475f02bb1a
audit,ppi_mom,2025-11,0.1,0.1,0.1,0.07755102040816328,-0.1408658274188644,-0.10275544971227646,-0.2831466794013977,-0.10275544971227646,0.08510985970497131,0.5499999999999999,50,2025-10,38,2025-10,bf0dcbfc61cbd6d9b9eca8de6077c2d5cc95b9bbb23edf4688099772933b83bc,455996a5bb7290873a66592398e2e7b469a4f396e6527d0fb3edd0475f02bb1a
audit,ppi_mom,2025-12,0.2,0.1,-0.1,0.07800000000000001,-0.14289756111048332,-0.07947444170713425,-0.27101409435272217,-0.07947444170713425,0.12260082364082336,0.5358974358974359,51,2025-11,39,2025-11,e0989e5e13a998a35edff6faba66e04f6c4a40e00fc78814f306243261348018,455996a5bb7290873a66592398e2e7b469a4f396e6527d0fb3edd0475f02bb1a
audit,ppi_mom,2026-01,0.4,0.2,-0.2,0.18039215686274512,-0.13153634878667675,0.05688417702913284,-0.14738118648529053,0.05688417702913284,0.2943873703479767,0.53,52,2025-12,40,2025-12,f3e3476f750a3a3f3a9a96a755c12d6f6225d8832ab3a438f8c2d4c28a1d16d1,455996a5bb7290873a66592398e2e7b469a4f396e6527d0fb3edd0475f02bb1a
audit,ppi_mom,2026-02,0.4,0.4,-0.1,0.38461538461538464,-0.08825871557731019,0.24508851766586304,0.0070366039872169495,0.24508851766586304,0.536952555179596,0.5317073170731708,53,2026-01,41,2026-01,33afbf4056fc70c2f036063660f32cf61e2da88b5d010f4c58e4da6d9f3135b4,455996a5bb7290873a66592398e2e7b469a4f396e6527d0fb3edd0475f02bb1a
audit,ppi_mom,2026-03,1.0,0.4,-0.4,0.3849056603773585,-0.13559163521866002,0.1444166898727417,-0.06712587177753448,0.1444166898727417,0.40690478682518005,0.530952380952381,54,2026-02,42,2026-02,1f8c8b1314ca2304239c81771975499e3b144693a373b5ca6d63f90674c4cc9b,455996a5bb7290873a66592398e2e7b469a4f396e6527d0fb3edd0475f02bb1a
audit,ppi_mom,2026-04,1.7,1.0,-0.4,0.9962962962962963,0.2761045269805725,0.8687135577201843,0.3672674596309662,0.8687135577201843,1.5829253196716309,0.5511627906976744,55,2026-03,43,2026-03,7dff9a0403edb0dbe3709d7b4f4743d98e0f2027d1f0565bdf5b9e8baff97b27,455996a5bb7290873a66592398e2e7b469a4f396e6527d0fb3edd0475f02bb1a
audit,ppi_mom,2026-05,0.5,1.7,-0.4,1.709090909090909,1.0333456276098854,1.7408573627471924,0.8973819613456726,1.7408573627471924,3.3199543952941895,0.5863636363636364,56,2026-04,44,2026-04,f4d351614b30386a975d1f353546f10b178a4893d25f3170c537300a542b8757,455996a5bb7290873a66592398e2e7b469a4f396e6527d0fb3edd0475f02bb1a
audit,ppi_mom,2026-06,-0.3,0.5,-0.4,0.4875,-0.10666583609200397,0.01198541559278965,-0.6554009318351746,0.01198541559278965,0.7148692607879639,0.5933333333333333,57,2026-05,45,2026-05,3285b5992411d8202ea59e877de948550197c90646be8304ca2e6e543a9db127,455996a5bb7290873a66592398e2e7b469a4f396e6527d0fb3edd0475f02bb1a
audit,ppi_mom,2026-07,-0.7,-0.3,-0.2,-0.3263157894736842,-0.3755215524216149,-0.2888709008693695,-0.9425817131996155,-0.2888709008693695,0.2988877594470978,0.5826086956521739,58,2026-06,46,2026-06,4c71abebf755596b8cbbcd40b80247b6739e84896e1aea4361efda7374dd8c4a,455996a5bb7290873a66592398e2e7b469a4f396e6527d0fb3edd0475f02bb1a
audit,ppi_mom,2026-08,0.4,-0.7,0.0,-0.7327586206896551,-0.49912409535290775,-0.4518987238407135,-1.158969521522522,-0.4518987238407135,0.1624678671360016,0.5808510638297872,59,2026-07,47,2026-07,20caf5a51532db12132fc5b8ddfc30435ebe8f534fba210be309e1266e860840,455996a5bb7290873a66592398e2e7b469a4f396e6527d0fb3edd0475f02bb1a
audit,manufacturing_pmi,2025-09,49.8,49.4,49.8,49.39574468085106,49.406496194848685,49.579708099365234,48.85432052612305,49.579708099365234,50.312599182128906,0.9444444444444449,48,2025-08,36,2025-08,b5d02ef8ae55eabb0035a95192415ca6c92e41224d64dd7e1856102e8964288c,455996a5bb7290873a66592398e2e7b469a4f396e6527d0fb3edd0475f02bb1a
audit,manufacturing_pmi,2025-10,49.0,49.8,50.1,49.80416666666667,49.58999507508956,49.63022232055664,48.809967041015625,49.63022232055664,50.405860900878906,0.9189189189189193,49,2025-09,37,2025-09,922133138e520d3317ce0f11d2e3295406ccb50476dafe19f88edaf01d1d2f4c,455996a5bb7290873a66592398e2e7b469a4f396e6527d0fb3edd0475f02bb1a
audit,manufacturing_pmi,2025-11,49.2,49.0,50.3,48.987755102040815,49.170068401388654,49.48183822631836,48.67055892944336,49.48183822631836,50.293235778808594,0.9236842105263162,50,2025-10,38,2025-10,abe6afab2c85974bb69a1fa7982569f6cb4f04b51986301229625d4509cc404e,455996a5bb7290873a66592398e2e7b469a4f396e6527d0fb3edd0475f02bb1a
audit,manufacturing_pmi,2025-12,50.1,49.2,50.1,49.192,49.578249638452235,49.65450668334961,48.8383674621582,49.65450668334961,50.5965690612793,0.9282051282051285,51,2025-11,39,2025-11,3b7ed5971b8924607145461396e17f9ca1966576abd692aae72b02c6aca212cb,455996a5bb7290873a66592398e2e7b469a4f396e6527d0fb3edd0475f02bb1a
audit,manufacturing_pmi,2026-01,49.3,50.1,49.1,50.10980392156863,50.159274272575544,50.07426071166992,49.361751556396484,50.07426071166992,50.99068832397461,0.9050000000000002,52,2025-12,40,2025-12,97213cca0f27ebd67ca88281d1c2c58810e818b54f3d1ee4d7e3041726ddc68d,455996a5bb7290873a66592398e2e7b469a4f396e6527d0fb3edd0475f02bb1a
audit,manufacturing_pmi,2026-02,49.0,49.3,50.2,49.294230769230765,49.579904618395524,49.53953170776367,48.72232437133789,49.53953170776367,50.42915725708008,0.8878048780487806,53,2026-01,41,2026-01,49cd791ab70ace45955c906345948325d6b1a3b4f9962edc290e39e441451e46,455996a5bb7290873a66592398e2e7b469a4f396e6527d0fb3edd0475f02bb1a
audit,manufacturing_pmi,2026-03,50.4,49.0,50.5,48.988679245283016,49.663745045943294,49.52354431152344,48.603206634521484,49.52354431152344,50.45838165283203,0.8952380952380954,54,2026-02,42,2026-02,5d2dd0f6cb17c84a5dad4b6d51d2397dc0cc47c6c786fc7be340a2ebdd3be6ad,455996a5bb7290873a66592398e2e7b469a4f396e6527d0fb3edd0475f02bb1a
audit,manufacturing_pmi,2026-04,50.3,50.4,49.0,50.41481481481481,50.48145792795749,49.93380355834961,49.05018997192383,49.93380355834961,50.933536529541016,0.8767441860465118,55,2026-03,43,2026-03,81669f2dd2a95027c2989f4d1e94ec86b888def73d413ec218505bc0af884c83,455996a5bb7290873a66592398e2e7b469a4f396e6527d0fb3edd0475f02bb1a
audit,manufacturing_pmi,2026-05,50.0,50.3,49.5,50.31272727272727,49.87491348330048,49.20354080200195,48.27396011352539,49.20354080200195,50.02568435668945,0.8863636363636366,56,2026-04,44,2026-04,5119c66e3422aa14085da6f04e6464412e5cf75005c117819f04f12b623db683,455996a5bb7290873a66592398e2e7b469a4f396e6527d0fb3edd0475f02bb1a
audit,manufacturing_pmi,2026-06,50.3,50.0,49.7,50.00714285714286,49.47289092732117,49.94620132446289,49.212074279785156,49.94620132446289,50.74410629272461,0.877777777777778,57,2026-05,45,2026-05,4776809dc4a5598f02868b0cec6316a07d99e86916cd26aea21033b74e66cfee,455996a5bb7290873a66592398e2e7b469a4f396e6527d0fb3edd0475f02bb1a
audit,manufacturing_pmi,2026-07,49.2,50.3,49.3,50.31228070175438,49.62565051285894,49.733154296875,48.90941619873047,49.733154296875,50.55286407470703,0.8717391304347827,58,2026-06,46,2026-06,5888a9bdd792938d12b1dd7efdde7d75b44eef966e6c9f652a1db19b90ee2724,455996a5bb7290873a66592398e2e7b469a4f396e6527d0fb3edd0475f02bb1a
audit,manufacturing_pmi,2026-08,49.8,49.2,49.4,49.19310344827586,49.023725864592194,48.89072036743164,47.70708465576172,48.89072036743164,49.81680679321289,0.8553191489361701,59,2026-07,47,2026-07,981b6c8620dbf216587753848041279204476ceee6d494e9d83b7fb8208d19fc,455996a5bb7290873a66592398e2e7b469a4f396e6527d0fb3edd0475f02bb1a
audit,manufacturing_new_orders_pmi,2025-09,49.7,49.5,49.9,49.50425531914894,49.19537828124676,49.66359329223633,48.76169967651367,49.66359329223633,50.86319351196289,1.8111111111111116,48,2025-08,36,2025-08,fb442b2f4e7217d5965bc4093f890612b536dfb6288c20f21a6e4eb35f3bb8bd,455996a5bb7290873a66592398e2e7b469a4f396e6527d0fb3edd0475f02bb1a
audit,manufacturing_new_orders_pmi,2025-10,48.8,49.7,50.0,49.708333333333336,49.38301997518368,49.587520599365234,48.474220275878906,49.587520599365234,50.69656753540039,1.7675675675675677,49,2025-09,37,2025-09,568ec0698bcf7a96a6692b89d09ea7b23e4099402e1fe1ac7e7a85ac85ec116a,455996a5bb7290873a66592398e2e7b469a4f396e6527d0fb3edd0475f02bb1a
audit,manufacturing_new_orders_pmi,2025-11,49.2,48.8,50.8,48.789795918367346,49.155583917021296,49.31712341308594,48.13429260253906,49.31712341308594,50.533687591552734,1.752631578947369,50,2025-10,38,2025-10,5b0c395acb409123a965ed39b48714f32da459764ccf7ba9d25f50f8b444c01a,455996a5bb7290873a66592398e2e7b469a4f396e6527d0fb3edd0475f02bb1a
audit,manufacturing_new_orders_pmi,2025-12,50.8,49.2,51.0,49.198,49.674280400450755,49.45875549316406,48.38192367553711,49.45875549316406,50.73086929321289,1.7487179487179492,51,2025-11,39,2025-11,ff07b6f5a3341b8e003640b3907ab29c5ee4dedab332e92def7bd4e5579602df,455996a5bb7290873a66592398e2e7b469a4f396e6527d0fb3edd0475f02bb1a
audit,manufacturing_new_orders_pmi,2026-01,49.2,50.8,49.2,50.82941176470588,50.464928759325666,49.94661331176758,48.981346130371094,49.94661331176758,51.12886428833008,1.7100000000000002,52,2025-12,40,2025-12,93634bc947b8e8b40c15ee43e58082f163e57c7557317be8377303efcd8aee31,455996a5bb7290873a66592398e2e7b469a4f396e6527d0fb3edd0475f02bb1a
audit,manufacturing_new_orders_pmi,2026-02,48.6,49.2,51.1,49.198076923076925,49.93099944686769,49.64762496948242,48.3899040222168,49.64762496948242,51.09414291381836,1.6682926829268294,53,2026-01,41,2026-01,8fc88890b9c44f84943fb7a456a2234a8d74ad2f15a45e5592e4c01b2f146f2f,455996a5bb7290873a66592398e2e7b469a4f396e6527d0fb3edd0475f02bb1a
audit,manufacturing_new_orders_pmi,2026-03,51.6,48.6,51.8,48.58679245283019,49.96178417737348,49.311981201171875,47.41551971435547,49.311981201171875,50.96076202392578,1.6880952380952383,54,2026-02,42,2026-02,3f3395529fba22564d1c5a20f88a373e422d2952fa01ccca845a0b56bf1df281,455996a5bb7290873a66592398e2e7b469a4f396e6527d0fb3edd0475f02bb1a
audit,manufacturing_new_orders_pmi,2026-04,50.6,51.6,49.2,51.64259259259259,51.31974172133025,49.706722259521484,47.82992935180664,49.706722259521484,51.63652038574219,1.6534883720930234,55,2026-03,43,2026-03,338ece79eb2357ad2eebd547010db61f333aaee3088fbcd50242fcf63cf7ee35,455996a5bb7290873a66592398e2e7b469a4f396e6527d0fb3edd0475f02bb1a
audit,manufacturing_new_orders_pmi,2026-05,49.9,50.6,49.8,50.623636363636365,50.33217161726267,49.10466766357422,47.632694244384766,49.10466766357422,50.48421859741211,1.6477272727272727,56,2026-04,44,2026-04,e08b9b036fcb4d97814bddbf96195f692613a913c68d995ab225330789e8cee7,455996a5bb7290873a66592398e2e7b469a4f396e6527d0fb3edd0475f02bb1a
audit,manufacturing_new_orders_pmi,2026-06,51.2,49.9,50.2,49.910714285714285,49.59206451992861,49.81203842163086,48.53224182128906,49.81203842163086,51.27779769897461,1.6133333333333335,57,2026-05,45,2026-05,4984de48344e4f85ff5cf4ef53a209290e5eecfdfe9598ae5a2060c445a31010,455996a5bb7290873a66592398e2e7b469a4f396e6527d0fb3edd0475f02bb1a
audit,manufacturing_new_orders_pmi,2026-07,48.5,51.2,49.4,51.233333333333334,50.082160214694554,49.809574127197266,48.578857421875,49.809574127197266,51.23285675048828,1.6,58,2026-06,46,2026-06,996aba5443a8b71664a3a170b785af86c59271abe0b62ce23e5e7e248a6e1a3d,455996a5bb7290873a66592398e2e7b469a4f396e6527d0fb3edd0475f02bb1a
audit,manufacturing_new_orders_pmi,2026-08,50.6,48.5,49.5,48.48620689655172,48.73213151856035,48.6154899597168,46.085792541503906,48.6154899597168,50.34579849243164,1.5851063829787233,59,2026-07,47,2026-07,6bc8eb75c3981ac15bf44e5572339df79c35967fcbbb3302fe0930ada2677dce,455996a5bb7290873a66592398e2e7b469a4f396e6527d0fb3edd0475f02bb1a
audit,nonmanufacturing_pmi,2025-09,50.0,50.3,50.0,50.238297872340425,50.17780736961805,50.28106689453125,49.556915283203125,50.28106689453125,51.28947448730469,3.313888888888889,48,2025-08,36,2025-08,a9e0e78c8a2d764519dbb65ffa1305231ed1071259a25d9f6fbc68785d142543,455996a5bb7290873a66592398e2e7b469a4f396e6527d0fb3edd0475f02bb1a
audit,nonmanufacturing_pmi,2025-10,50.1,50.0,50.2,49.93333333333333,49.99804474661481,50.15689468383789,49.2805290222168,50.15689468383789,51.59056091308594,3.2243243243243245,49,2025-09,37,2025-09,ce0cded99c59f851b4f39e797c8960c5246c2f6475300612be6d914ee129964f,455996a5bb7290873a66592398e2e7b469a4f396e6527d0fb3edd0475f02bb1a
audit,nonmanufacturing_pmi,2025-11,49.5,50.1,50.0,50.036734693877555,50.17843540702065,50.112430572509766,49.18592071533203,50.112430572509766,51.38493728637695,3.142105263157895,50,2025-10,38,2025-10,e3374c4e027e830f85897c8b2df6bc9b10b183bfc8faabf8cd787cbbcbd3afce,455996a5bb7290873a66592398e2e7b469a4f396e6527d0fb3edd0475f02bb1a
audit,nonmanufacturing_pmi,2025-12,50.2,49.5,52.2,49.426,50.127795143046356,49.77521896362305,48.636573791503906,49.77521896362305,51.096092224121094,3.0743589743589745,51,2025-11,39,2025-11,e0ec9b8aba99f074de6c551f227138472bcf5f24d09726d08531edc286cb077a,455996a5bb7290873a66592398e2e7b469a4f396e6527d0fb3edd0475f02bb1a
audit,nonmanufacturing_pmi,2026-01,49.4,50.2,50.2,50.141176470588235,51.0783733764811,49.99977111816406,49.26138687133789,49.99977111816406,50.77351379394531,3.0475000000000003,52,2025-12,40,2025-12,7c42e045c98bbdbe7ccb79b81cb5d1626c23f4644f299bc15be2dc0e5f68ff88,455996a5bb7290873a66592398e2e7b469a4f396e6527d0fb3edd0475f02bb1a
audit,nonmanufacturing_pmi,2026-02,49.5,49.4,50.4,49.32692307692307,51.305724595946394,49.77616882324219,48.97581481933594,49.77616882324219,50.662235260009766,2.9926829268292687,53,2026-01,41,2026-01,1334c610297f995bd156bc34f55a5183919b7769f0c7b22d05d7484d7984b988,455996a5bb7290873a66592398e2e7b469a4f396e6527d0fb3edd0475f02bb1a
audit,nonmanufacturing_pmi,2026-03,50.1,49.5,50.8,49.43018867924528,51.40529562316009,49.61812210083008,48.87221145629883,49.61812210083008,50.49657440185547,2.942857142857143,54,2026-02,42,2026-02,199353bc35e2569befa9474155a2ada51848904ca2443fd981d6a272ec82ef2a,455996a5bb7290873a66592398e2e7b469a4f396e6527d0fb3edd0475f02bb1a
audit,nonmanufacturing_pmi,2026-04,49.4,50.1,50.4,50.04259259259259,51.87564585251064,49.87543487548828,49.10914993286133,49.87543487548828,50.739376068115234,2.890697674418605,55,2026-03,43,2026-03,68f1500a575dfab793a54fe9991186cd9c5ce75afd0aa0222311aaf43e959aa4,455996a5bb7290873a66592398e2e7b469a4f396e6527d0fb3edd0475f02bb1a
audit,nonmanufacturing_pmi,2026-05,50.1,49.4,50.3,49.33090909090909,51.304657350094,49.462032318115234,48.533451080322266,49.462032318115234,50.62052917480469,2.847727272727273,56,2026-04,44,2026-04,c5f566b88cea8224334f5c5e8c0460eb2bd7a40557701a82c11decf8bb50f532,455996a5bb7290873a66592398e2e7b469a4f396e6527d0fb3edd0475f02bb1a
audit,nonmanufacturing_pmi,2026-06,50.2,50.1,50.5,50.04464285714286,51.04705627044885,49.78337478637695,48.816585540771484,49.78337478637695,50.95680618286133,2.7888888888888888,57,2026-05,45,2026-05,aea034574e281fe61a1f57cee4180b7627ee1d0739568083a38858a038009888,455996a5bb7290873a66592398e2e7b469a4f396e6527d0fb3edd0475f02bb1a
audit,nonmanufacturing_pmi,2026-07,49.0,50.2,50.1,50.14736842105263,50.835074479860644,49.953392028808594,49.036338806152344,49.953392028808594,51.10441589355469,2.734782608695652,58,2026-06,46,2026-06,075618e0620fcfc96307f2b1f64f753742126237701d70be720af24e32da6385,455996a5bb7290873a66592398e2e7b469a4f396e6527d0fb3edd0475f02bb1a
audit,nonmanufacturing_pmi,2026-08,49.0,49.0,50.3,48.92758620689655,49.705588294002965,49.45869064331055,48.23446273803711,49.45869064331055,51.13432312011719,2.7,59,2026-07,47,2026-07,3b85c9c545f3068f56bda59cf32cdaba79b9505f6cf4077b7c5eb51fa65f6cde,455996a5bb7290873a66592398e2e7b469a4f396e6527d0fb3edd0475f02bb1a
